{
  "items": {
    "bootstrap": [
      {
        "id": 1,
        "title": "Photography",
        "body": "Bootstrap Carousel Example",
        "imageUrl": "/uploads/2159240208070918.webp",
        "docs": "https://getbootstrap.com/docs/4.0/components/carousel/"
      },
      {
        "id": 2,
        "title": "City Views",
        "body": "Bootstrap Carousel Example",
        "imageUrl": "/uploads/7411240208062402.webp",
        "docs": "https://getbootstrap.com/docs/4.0/components/carousel/"
      },
      {
        "id": 3,
        "title": "Wild Life",
        "body": "Bootstrap Carousel Example",
        "imageUrl": "/uploads/6326240208070918.webp",
        "docs": "https://getbootstrap.com/docs/4.0/components/carousel/"
      },
      {
        "id": 4,
        "title": "Foods and Culture",
        "body": "Bootstrap Carousel Example",
        "imageUrl": "/uploads/7411240208062402.webp",
        "docs": "https://getbootstrap.com/docs/4.0/components/carousel/"
      }
    ]
  }
}
